{
  "apps/api/src/server.ts": 1776685824.0246558,
  "apps/api/src/app.ts": 1776685816.7086685,
  "apps/api/src/lib/prisma.ts": 1776685755.0768015,
  "apps/api/src/utils/response.ts": 1776685722.1808932,
  "apps/api/src/utils/logger.ts": 1776685717.668907,
  "apps/api/src/middleware/errorHandler.ts": 1776685748.4968185,
  "apps/api/src/middleware/tenant.ts": 1776685735.968853,
  "apps/api/src/middleware/auth.ts": 1776685732.5168626,
  "apps/api/src/types/express.d.ts": 1776685724.892885,
  "apps/api/src/routes/index.ts": 1776685805.2566895,
  "apps/api/src/routes/auth.ts": 1776685781.9767375,
  "apps/api/src/routes/tenants.ts": 1776774747.9893644,
  "apps/api/src/routes/health.ts": 1776685762.504783,
  "apps/web/postcss.config.js": 1776685844.3886237,
  "apps/web/vite.config.ts": 1776685842.5046265,
  "apps/web/tailwind.config.js": 1776685844.292624,
  "apps/web/src/main.tsx": 1776686046.5445337,
  "apps/web/src/App.tsx": 1776686039.968531,
  "apps/web/src/components/layout/Header.tsx": 1776685940.5765333,
  "apps/web/src/components/layout/Layout.tsx": 1776685958.5765264,
  "apps/web/src/components/layout/Navigation.tsx": 1776685953.3685281,
  "apps/web/src/components/auth/RequireAuth.tsx": 1776686032.4365282,
  "apps/web/src/store/index.ts": 1776774622.1569934,
  "apps/web/src/store/slices/searchSlice.ts": 1776685880.3285787,
  "apps/web/src/store/slices/productSlice.ts": 1776685887.9765708,
  "apps/web/src/store/slices/uiSlice.ts": 1776685903.236557,
  "apps/web/src/store/slices/onboardingSlice.ts": 1776685897.360562,
  "apps/web/src/store/slices/authSlice.ts": 1776685868.3605921,
  "apps/web/src/services/api.ts": 1776685927.2125401,
  "apps/web/src/pages/SkuDetailPage.tsx": 1776686011.316523,
  "apps/web/src/pages/OnboardingPage.tsx": 1776686022.3405254,
  "apps/web/src/pages/NotFoundPage.tsx": 1776686027.4845266,
  "apps/web/src/pages/SearchPage.tsx": 1776685998.9565217,
  "apps/web/src/pages/LoginPage.tsx": 1776685971.6125233,
  "apps/web/src/pages/DashboardPage.tsx": 1776685991.5645216,
  "packages/utils/src/index.ts": 1776685646.3571653,
  "packages/types/src/index.ts": 1776685575.3655071,
  "techPlan.md": 1776685292.07023,
  "plan.md": 1776685270.5380979,
  "CLAUDE.md": 1776775604.9932904,
  "apps/web/index.html": 1776685853.2366114
}